{"cameraMode":{"drawMode":0,"name":"Shaded","section":"Shading Mode"},"sceneLighting":true,"audioPlay":false,"sceneViewState":{"showFog":true,"showMaterialUpdate":true,"showSkybox":true,"showFlares":true,"showImageEffects":true,"showParticleSystems":true},"in2DMode":false,"pivot":{"x":-4.427761077880859,"y":2.4976577758789064,"z":5.7220001220703129},"rotation":{"x":0.20141345262527467,"y":-0.010592672973871231,"z":0.0022067467216402294,"w":0.9794674515724182},"size":2.2298855781555177,"orthographic":false}