{"cameraMode":{"drawMode":0,"name":"Shaded","section":"Shading Mode"},"sceneLighting":true,"audioPlay":false,"sceneViewState":{"showFog":true,"showMaterialUpdate":false,"showSkybox":true,"showFlares":true,"showImageEffects":true,"showParticleSystems":true},"in2DMode":false,"pivot":{"x":100.20175170898438,"y":292.3966064453125,"z":-108.57321166992188},"rotation":{"x":-0.14023149013519288,"y":0.5250145792961121,"z":-0.08836192637681961,"w":-0.8349153399467468},"size":26.75025749206543,"orthographic":false}